,Total Sales,Total Sales,Price per Unit,Price per Unit,Units Sold,Units Sold,Operating Profit,Operating Profit
,mean,median,mean,median,mean,median,mean,median
cluster,,,,,,,,
dark purple,202416.0592808552,195000.0,48.542274052478135,50.0,432.89601554907676,425.0,73392.64042759962,70000.0
pink,15173.765569395018,5839.0,42.03884934756821,41.0,143.0917852906287,133.0,5896.09475088968,2657.5
purple,450352.24586288416,425000.0,62.45862884160756,60.0,736.3475177304964,725.0,167056.5070921986,157500.0
